problem,valmax,algorithm,order,solutions,nodes,checks,millis,complete
2013,3,GENERATE_AND_TEST,INPUT,0,88572,161968,20.265,true
2013,3,BACKTRACKING,INPUT,0,153,207,0.020,true
2013,3,LOOK_AHEAD,INPUT,0,123,323,0.018,true
2013,3,FORWARD_CHECKING,INPUT,0,41,82,0.017,true
2013,3,MAC,INPUT,0,0,15,0.009,true
2013,4,GENERATE_AND_TEST,INPUT,36,1398100,2795178,94.260,true
2013,4,BACKTRACKING,INPUT,36,1664,2985,0.106,true
2013,4,LOOK_AHEAD,INPUT,36,1564,3749,0.106,true
2013,4,FORWARD_CHECKING,INPUT,36,330,929,0.056,true
2013,4,MAC,INPUT,36,163,584,0.121,true
2013,5,GENERATE_AND_TEST,INPUT,744,12207030,25532115,746.724,true
2013,5,BACKTRACKING,INPUT,744,18285,35928,0.942,true
2013,5,LOOK_AHEAD,INPUT,744,18030,40351,0.865,true
2013,5,FORWARD_CHECKING,INPUT,744,3225,9972,0.376,true
2013,5,MAC,INPUT,744,2471,8518,0.980,true
2013,6,GENERATE_AND_TEST,INPUT,6859,72559410,155900970,4874.465,true
2013,6,BACKTRACKING,INPUT,6859,135150,271852,10.482,true
2013,6,LOOK_AHEAD,INPUT,6859,134604,292773,9.328,true
2013,6,FORWARD_CHECKING,INPUT,6859,22247,69793,5.481,true
2013,6,MAC,INPUT,6859,19260,65133,4.528,true
2013,7,GENERATE_AND_TEST,INPUT,40761,329554456,720728694,22968.249,true
2013,7,BACKTRACKING,INPUT,40761,713230,1440614,66.368,true
2013,7,LOOK_AHEAD,INPUT,40761,712194,1521014,32.173,true
2013,7,FORWARD_CHECKING,INPUT,40761,111533,351539,11.397,true
2013,7,MAC,INPUT,40761,101783,340938,11.837,true
2013,8,GENERATE_AND_TEST,INPUT,182028,1022816256,2197280983,60000.233,false
2013,8,BACKTRACKING,INPUT,182028,2941576,5920758,165.431,true
2013,8,LOOK_AHEAD,INPUT,182028,2939776,6179864,134.534,true
2013,8,FORWARD_CHECKING,INPUT,182028,442109,1398083,50.372,true
2013,8,MAC,INPUT,182028,415110,1383101,48.586,true
2013,9,GENERATE_AND_TEST,INPUT,,,,,false
2013,9,BACKTRACKING,INPUT,663300,10099683,20182671,545.989,true
2013,9,LOOK_AHEAD,INPUT,663300,10096758,20907340,452.304,true
2013,9,FORWARD_CHECKING,INPUT,663300,1471233,4665316,148.339,true
2013,9,MAC,INPUT,663300,1405516,4665894,160.926,true
2013,10,GENERATE_AND_TEST,INPUT,,,,,false
2013,10,BACKTRACKING,INPUT,2073951,30119480,59642899,1542.206,true
2013,10,LOOK_AHEAD,INPUT,2073951,30114970,61451822,1363.462,true
2013,10,FORWARD_CHECKING,INPUT,2073951,4278876,13598653,457.758,true
2013,10,MAC,INPUT,2073951,4134317,13683716,472.540,true
2013,3,GENERATE_AND_TEST,SMALLEST_DOMAIN,0,88572,161968,32.675,true
2013,3,BACKTRACKING,SMALLEST_DOMAIN,0,153,207,0.009,true
2013,3,LOOK_AHEAD,SMALLEST_DOMAIN,0,123,323,0.008,true
2013,3,FORWARD_CHECKING,SMALLEST_DOMAIN,0,13,47,0.012,true
2013,3,MAC,SMALLEST_DOMAIN,0,0,15,0.021,true
2013,4,GENERATE_AND_TEST,SMALLEST_DOMAIN,36,1398100,2795178,78.446,true
2013,4,BACKTRACKING,SMALLEST_DOMAIN,36,1664,2985,0.105,true
2013,4,LOOK_AHEAD,SMALLEST_DOMAIN,36,1564,3749,0.090,true
2013,4,FORWARD_CHECKING,SMALLEST_DOMAIN,36,93,279,0.019,true
2013,4,MAC,SMALLEST_DOMAIN,36,60,188,0.082,true
2013,5,GENERATE_AND_TEST,SMALLEST_DOMAIN,744,12207030,25532115,813.275,true
2013,5,BACKTRACKING,SMALLEST_DOMAIN,744,18285,35928,1.010,true
2013,5,LOOK_AHEAD,SMALLEST_DOMAIN,744,18030,40351,0.868,true
2013,5,FORWARD_CHECKING,SMALLEST_DOMAIN,744,1154,2861,0.129,true
2013,5,MAC,SMALLEST_DOMAIN,744,1039,2406,0.184,true
2013,6,GENERATE_AND_TEST,SMALLEST_DOMAIN,6859,72559410,155900970,4359.725,true
2013,6,BACKTRACKING,SMALLEST_DOMAIN,6859,135150,271852,7.441,true
2013,6,LOOK_AHEAD,SMALLEST_DOMAIN,6859,134604,292773,6.663,true
2013,6,FORWARD_CHECKING,SMALLEST_DOMAIN,6859,9155,21336,0.709,true
2013,6,MAC,SMALLEST_DOMAIN,6859,8869,20043,0.688,true
2013,7,GENERATE_AND_TEST,SMALLEST_DOMAIN,40761,329554456,720728694,20361.000,true
2013,7,BACKTRACKING,SMALLEST_DOMAIN,40761,713230,1440614,43.895,true
2013,7,LOOK_AHEAD,SMALLEST_DOMAIN,40761,712194,1521014,35.403,true
2013,7,FORWARD_CHECKING,SMALLEST_DOMAIN,40761,51019,116900,3.878,true
2013,7,MAC,SMALLEST_DOMAIN,40761,50274,113483,3.979,true
2013,8,GENERATE_AND_TEST,SMALLEST_DOMAIN,182028,927477760,1967767193,60000.090,false
2013,8,BACKTRACKING,SMALLEST_DOMAIN,182028,2941576,5920758,161.074,true
2013,8,LOOK_AHEAD,SMALLEST_DOMAIN,182028,2939776,6179864,144.631,true
2013,8,FORWARD_CHECKING,SMALLEST_DOMAIN,182028,218852,502119,18.416,true
2013,8,MAC,SMALLEST_DOMAIN,182028,217313,497085,17.788,true
2013,9,GENERATE_AND_TEST,SMALLEST_DOMAIN,,,,,false
2013,9,BACKTRACKING,SMALLEST_DOMAIN,663300,10099683,20182671,642.599,true
2013,9,LOOK_AHEAD,SMALLEST_DOMAIN,663300,10096758,20907340,486.256,true
2013,9,FORWARD_CHECKING,SMALLEST_DOMAIN,663300,776455,1793123,61.172,true
2013,9,MAC,SMALLEST_DOMAIN,663300,773207,1788809,63.782,true
2013,10,GENERATE_AND_TEST,SMALLEST_DOMAIN,,,,,false
2013,10,BACKTRACKING,SMALLEST_DOMAIN,2073951,30119480,59642899,1635.991,true
2013,10,LOOK_AHEAD,SMALLEST_DOMAIN,2073951,30114970,61451822,1341.799,true
2013,10,FORWARD_CHECKING,SMALLEST_DOMAIN,2073951,2379671,5551683,176.962,true
2013,10,MAC,SMALLEST_DOMAIN,2073951,2373837,5570986,194.487,true
00,3,GENERATE_AND_TEST,INPUT,0,88572,100284,4.548,true
00,3,BACKTRACKING,INPUT,0,810,1100,0.054,true
00,3,LOOK_AHEAD,INPUT,0,204,423,0.013,true
00,3,FORWARD_CHECKING,INPUT,0,71,196,0.011,true
00,3,MAC,INPUT,0,0,20,0.002,true
00,4,GENERATE_AND_TEST,INPUT,4,1398100,1888005,81.260,true
00,4,BACKTRACKING,INPUT,4,8212,12632,0.427,true
00,4,LOOK_AHEAD,INPUT,4,3072,6511,0.151,true
00,4,FORWARD_CHECKING,INPUT,4,810,2576,0.085,true
00,4,MAC,INPUT,4,35,155,0.008,true
00,5,GENERATE_AND_TEST,INPUT,100,12207030,18186144,616.388,true
00,5,BACKTRACKING,INPUT,100,55625,90777,2.706,true
00,5,LOOK_AHEAD,INPUT,100,26065,55042,1.218,true
00,5,FORWARD_CHECKING,INPUT,100,5352,17823,0.588,true
00,5,MAC,INPUT,100,537,2239,0.081,true
00,6,GENERATE_AND_TEST,INPUT,1020,72559410,115088139,3916.077,true
00,6,BACKTRACKING,INPUT,1020,279090,474806,17.693,true
00,6,LOOK_AHEAD,INPUT,1020,152640,321493,6.253,true
00,6,FORWARD_CHECKING,INPUT,1020,25187,85715,2.732,true
00,6,MAC,INPUT,1020,4040,17663,0.549,true
00,7,GENERATE_AND_TEST,INPUT,6460,329554456,545905573,17983.968,true
00,7,BACKTRACKING,INPUT,6460,1120917,1973010,62.998,true
00,7,LOOK_AHEAD,INPUT,6460,685440,1445787,30.154,true
00,7,FORWARD_CHECKING,INPUT,6460,94485,326145,13.583,true
00,7,MAC,INPUT,6460,20969,94200,2.712,true
00,8,GENERATE_AND_TEST,INPUT,30148,997363712,1881551226,60000.127,false
00,8,BACKTRACKING,INPUT,30148,3798280,6884270,205.620,true
00,8,LOOK_AHEAD,INPUT,30148,2523624,5346710,123.897,true
00,8,FORWARD_CHECKING,INPUT,30148,301150,1051932,37.553,true
00,8,MAC,INPUT,30148,84742,387956,12.086,true
00,9,GENERATE_AND_TEST,INPUT,,,,,false
00,9,BACKTRACKING,INPUT,113476,11261070,20941009,622.111,true
00,9,LOOK_AHEAD,INPUT,113476,7970535,16991841,389.044,true
00,9,FORWARD_CHECKING,INPUT,113476,847977,2995691,98.501,true
00,9,MAC,INPUT,113476,285627,1327738,38.593,true
00,10,GENERATE_AND_TEST,INPUT,,,,,false
00,10,BACKTRACKING,INPUT,363748,29981390,57035209,1862.770,true
00,10,LOOK_AHEAD,INPUT,363748,22292670,47863566,1206.000,true
00,10,FORWARD_CHECKING,INPUT,363748,2164264,7732438,245.454,true
00,10,MAC,INPUT,363748,838450,3948820,119.224,true
00,3,GENERATE_AND_TEST,SMALLEST_DOMAIN,0,88572,100284,5.055,true
00,3,BACKTRACKING,SMALLEST_DOMAIN,0,810,1100,0.045,true
00,3,LOOK_AHEAD,SMALLEST_DOMAIN,0,204,423,0.011,true
00,3,FORWARD_CHECKING,SMALLEST_DOMAIN,0,6,17,0.002,true
00,3,MAC,SMALLEST_DOMAIN,0,0,20,0.002,true
00,4,GENERATE_AND_TEST,SMALLEST_DOMAIN,4,1398100,1888005,89.169,true
00,4,BACKTRACKING,SMALLEST_DOMAIN,4,8212,12632,0.445,true
00,4,LOOK_AHEAD,SMALLEST_DOMAIN,4,3072,6511,0.149,true
00,4,FORWARD_CHECKING,SMALLEST_DOMAIN,4,22,63,0.005,true
00,4,MAC,SMALLEST_DOMAIN,4,14,83,0.009,true
00,5,GENERATE_AND_TEST,SMALLEST_DOMAIN,100,12207030,18186144,718.116,true
00,5,BACKTRACKING,SMALLEST_DOMAIN,100,55625,90777,2.915,true
00,5,LOOK_AHEAD,SMALLEST_DOMAIN,100,26065,55042,1.466,true
00,5,FORWARD_CHECKING,SMALLEST_DOMAIN,100,192,447,0.024,true
00,5,MAC,SMALLEST_DOMAIN,100,178,522,0.030,true
00,6,GENERATE_AND_TEST,SMALLEST_DOMAIN,1020,72559410,115088139,4354.892,true
00,6,BACKTRACKING,SMALLEST_DOMAIN,1020,279090,474806,22.594,true
00,6,LOOK_AHEAD,SMALLEST_DOMAIN,1020,152640,321493,10.968,true
00,6,FORWARD_CHECKING,SMALLEST_DOMAIN,1020,1494,3059,0.131,true
00,6,MAC,SMALLEST_DOMAIN,1020,1472,3413,0.137,true
00,7,GENERATE_AND_TEST,SMALLEST_DOMAIN,6460,329554456,545905573,19007.243,true
00,7,BACKTRACKING,SMALLEST_DOMAIN,6460,1120917,1973010,62.483,true
00,7,LOOK_AHEAD,SMALLEST_DOMAIN,6460,685440,1445787,32.854,true
00,7,FORWARD_CHECKING,SMALLEST_DOMAIN,6460,8523,17009,0.621,true
00,7,MAC,SMALLEST_DOMAIN,6460,8496,18544,0.714,true
00,8,GENERATE_AND_TEST,SMALLEST_DOMAIN,30148,1046827008,1935647571,60000.103,false
00,8,BACKTRACKING,SMALLEST_DOMAIN,30148,3798280,6884270,196.426,true
00,8,LOOK_AHEAD,SMALLEST_DOMAIN,30148,2523624,5346710,109.659,true
00,8,FORWARD_CHECKING,SMALLEST_DOMAIN,30148,37536,73542,2.599,true
00,8,MAC,SMALLEST_DOMAIN,30148,37467,77940,2.847,true
00,9,GENERATE_AND_TEST,SMALLEST_DOMAIN,,,,,false
00,9,BACKTRACKING,SMALLEST_DOMAIN,113476,11261070,20941009,581.261,true
00,9,LOOK_AHEAD,SMALLEST_DOMAIN,113476,7970535,16991841,352.268,true
00,9,FORWARD_CHECKING,SMALLEST_DOMAIN,113476,136239,266427,11.855,true
00,9,MAC,SMALLEST_DOMAIN,113476,136121,279427,12.012,true
00,10,GENERATE_AND_TEST,SMALLEST_DOMAIN,,,,,false
00,10,BACKTRACKING,SMALLEST_DOMAIN,363748,29981390,57035209,1546.136,true
00,10,LOOK_AHEAD,SMALLEST_DOMAIN,363748,22292670,47863566,953.032,true
00,10,FORWARD_CHECKING,SMALLEST_DOMAIN,363748,425402,828544,30.046,true
00,10,MAC,SMALLEST_DOMAIN,363748,425085,858066,34.963,true
