puzzle,givens,algorithm,order,solutions,nodes,checks,millis,complete
Wikipedia example,30,BACKTRACKING,INPUT,1,77797050,460480010,9137.105,true
Wikipedia example,30,LOOK_AHEAD,INPUT,1,44126,367645,7.164,true
Wikipedia example,30,FORWARD_CHECKING,INPUT,1,12561,213419,9.646,true
Wikipedia example,30,MAC,INPUT,1,81,4147,0.120,true
Wikipedia example,30,BACKTRACKING,SMALLEST_DOMAIN,1,41709,266619,10.224,true
Wikipedia example,30,LOOK_AHEAD,SMALLEST_DOMAIN,1,41709,319305,9.441,true
Wikipedia example,30,FORWARD_CHECKING,SMALLEST_DOMAIN,1,81,1620,0.075,true
Wikipedia example,30,MAC,SMALLEST_DOMAIN,1,81,4147,0.191,true
Norvig top95 #1,17,BACKTRACKING,INPUT,0,511115264,2952155772,60000.342,false
Norvig top95 #1,17,LOOK_AHEAD,INPUT,1,497008640,4003018176,60000.283,false
Norvig top95 #1,17,FORWARD_CHECKING,INPUT,1,142667776,2463583679,60001.564,false
Norvig top95 #1,17,MAC,INPUT,1,269232,31485369,810.102,true
Norvig top95 #1,17,BACKTRACKING,SMALLEST_DOMAIN,1,443322368,2821856556,60000.504,false
Norvig top95 #1,17,LOOK_AHEAD,SMALLEST_DOMAIN,1,390901760,3004396280,60000.099,false
Norvig top95 #1,17,FORWARD_CHECKING,SMALLEST_DOMAIN,1,2710,53161,2.142,true
Norvig top95 #1,17,MAC,SMALLEST_DOMAIN,1,1193,150417,6.497,true
Norvig hardest #1,22,BACKTRACKING,INPUT,0,504410112,2795583925,60000.390,false
Norvig hardest #1,22,LOOK_AHEAD,INPUT,1,3755823,30103924,477.443,true
Norvig hardest #1,22,FORWARD_CHECKING,INPUT,1,1037984,16908892,410.746,true
Norvig hardest #1,22,MAC,INPUT,1,15017,1590282,43.774,true
Norvig hardest #1,22,BACKTRACKING,SMALLEST_DOMAIN,1,3607456,22186752,480.519,true
Norvig hardest #1,22,LOOK_AHEAD,SMALLEST_DOMAIN,1,3607456,27136584,622.614,true
Norvig hardest #1,22,FORWARD_CHECKING,SMALLEST_DOMAIN,1,4904,95363,3.500,true
Norvig hardest #1,22,MAC,SMALLEST_DOMAIN,1,1866,210652,6.196,true
Norvig hardest #2,23,BACKTRACKING,INPUT,0,497598464,2918770207,60000.268,false
Norvig hardest #2,23,LOOK_AHEAD,INPUT,1,724534,5789918,89.093,true
Norvig hardest #2,23,FORWARD_CHECKING,INPUT,1,192418,3198260,81.535,true
Norvig hardest #2,23,MAC,INPUT,1,1318,178658,5.004,true
Norvig hardest #2,23,BACKTRACKING,SMALLEST_DOMAIN,1,690341,4260785,99.594,true
Norvig hardest #2,23,LOOK_AHEAD,SMALLEST_DOMAIN,1,690341,5106058,95.819,true
Norvig hardest #2,23,FORWARD_CHECKING,SMALLEST_DOMAIN,1,1536,30306,1.234,true
Norvig hardest #2,23,MAC,SMALLEST_DOMAIN,1,378,59388,1.796,true
Inkala 2012,21,BACKTRACKING,INPUT,0,495173632,2739721061,60000.435,false
Inkala 2012,21,LOOK_AHEAD,INPUT,1,19581936,163090506,2349.389,true
Inkala 2012,21,FORWARD_CHECKING,INPUT,1,5424194,92434318,2116.511,true
Inkala 2012,21,MAC,INPUT,1,21954,2524352,71.777,true
Inkala 2012,21,BACKTRACKING,SMALLEST_DOMAIN,1,18619041,118847554,2550.622,true
Inkala 2012,21,LOOK_AHEAD,SMALLEST_DOMAIN,1,18619041,143832606,2457.941,true
Inkala 2012,21,FORWARD_CHECKING,SMALLEST_DOMAIN,1,18956,368180,14.302,true
Inkala 2012,21,MAC,SMALLEST_DOMAIN,1,6874,848306,27.239,true
